{"cameraMode":{"drawMode":0,"name":"Shaded","section":"Shading Mode"},"sceneLighting":false,"audioPlay":false,"sceneViewState":{"showFog":true,"showMaterialUpdate":true,"showSkybox":true,"showFlares":true,"showImageEffects":true,"showParticleSystems":true},"in2DMode":false,"pivot":{"x":5.16622257232666,"y":-4.76837158203125e-7,"z":-0.8924060463905335},"rotation":{"x":-0.19682592153549195,"y":0.7825614809989929,"z":-0.3042561113834381,"w":-0.5062462091445923},"size":9.506648063659668,"orthographic":false}